0,2022-01-18 09:36:37,40.12,-1.39 (-3.35%),"1,352,418",,41.51,176.77,-1.65 (-0.92%),"1,022,323",,178.42,171.68,-1.39 (-0.80%),"7,402,818",,173.07,"3,164.64",-78.12 (-2.41%),"303,331",,"3,242.76",304.75,-5.45 (-1.76%),"4,293,145",,310.20,515.85,-9.84 (-1.87%),"304,901",,525.69,"2,720.06",-75.67 (-2.71%),"95,636",,"2,795.73"
0,2022-01-18 09:36:55,39.98,-1.53 (-3.69%),"1,547,107",,41.51,176.78,-1.64 (-0.92%),"1,037,140",,178.42,171.60,-1.47 (-0.85%),"7,524,067",,173.07,"3,160.02",-82.74 (-2.55%),"311,662",,"3,242.76",305.64,-4.56 (-1.47%),"4,365,922",,310.20,515.57,-10.12 (-1.93%),"309,734",,525.69,"2,718.43",-77.30 (-2.76%),"98,149",,"2,795.73"
0,2022-01-18 09:37:11,39.97,-1.54 (-3.71%),"1,631,127",,41.51,176.91,-1.51 (-0.85%),"1,048,839",,178.42,171.76,-1.31 (-0.76%),"7,623,882",,173.07,"3,160.48",-82.28 (-2.54%),"314,241",,"3,242.76",305.56,-4.64 (-1.50%),"4,416,561",,310.20,515.18,-10.51 (-2.00%),"312,370",,525.69,"2,718.43",-77.30 (-2.76%),"98,809",,"2,795.73"
0,2022-01-18 09:37:22,39.94,-1.57 (-3.78%),"1,660,150",,41.51,176.95,-1.47 (-0.82%),"1,074,044",,178.42,171.63,-1.44 (-0.83%),"7,678,238",,173.07,"3,160.18",-82.58 (-2.55%),"317,457",,"3,242.76",305.49,-4.71 (-1.52%),"4,433,165",,310.20,515.10,-10.59 (-2.01%),"314,135",,525.69,"2,718.01",-77.72 (-2.78%),"100,057",,"2,795.73"
0,2022-01-18 09:37:32,39.87,-1.64 (-3.95%),"1,695,977",,41.51,177.07,-1.35 (-0.76%),"1,092,639",,178.42,171.59,-1.48 (-0.86%),"7,726,965",,173.07,"3,164.04",-78.72 (-2.43%),"320,989",,"3,242.76",305.36,-4.84 (-1.56%),"4,480,380",,310.20,515.05,-10.64 (-2.02%),"319,613",,525.69,"2,718.83",-76.90 (-2.75%),"101,263",,"2,795.73"
0,2022-01-18 09:37:47,39.89,-1.62 (-3.90%),"1,747,152",,41.51,176.96,-1.46 (-0.82%),"1,106,102",,178.42,171.42,-1.65 (-0.95%),"7,862,089",,173.07,"3,160.44",-82.32 (-2.54%),"323,733",,"3,242.76",305.34,-4.86 (-1.57%),"4,538,917",,310.20,515.36,-10.33 (-1.97%),"324,993",,525.69,"2,718.54",-77.19 (-2.76%),"104,650",,"2,795.73"
0,2022-01-18 09:38:05,39.72,-1.78 (-4.30%),"1,823,054",,41.51,177.23,-1.19 (-0.67%),"1,119,589",,178.42,171.67,-1.40 (-0.81%),"7,977,808",,173.07,"3,159.00",-83.76 (-2.58%),"331,393",,"3,242.76",305.73,-4.47 (-1.44%),"4,579,130",,310.20,515.77,-9.92 (-1.89%),"327,333",,525.69,"2,717.12",-78.61 (-2.81%),"107,332",,"2,795.73"
0,2022-01-18 09:38:23,39.72,-1.79 (-4.32%),"1,862,141",,41.51,177.38,-1.04 (-0.58%),"1,136,108",,178.42,171.50,-1.57 (-0.91%),"8,074,327",,173.07,"3,162.60",-80.16 (-2.47%),"338,904",,"3,242.76",305.61,-4.59 (-1.48%),"4,631,036",,310.20,514.00,-11.69 (-2.22%),"330,134",,525.69,"2,717.12",-78.61 (-2.81%),"108,800",,"2,795.73"
0,2022-01-18 09:38:44,39.76,-1.75 (-4.22%),"2,010,575",,41.51,177.69,-0.73 (-0.41%),"1,146,340",,178.42,171.49,-1.58 (-0.91%),"8,178,172",,173.07,"3,160.00",-82.76 (-2.55%),"346,413",,"3,242.76",305.98,-4.22 (-1.36%),"4,767,878",,310.20,514.76,-10.93 (-2.08%),"340,429",,525.69,"2,715.55",-80.18 (-2.87%),"111,758",,"2,795.73"
0,2022-01-18 09:39:01,39.76,-1.74 (-4.20%),"2,105,259",,41.51,177.46,-0.96 (-0.54%),"1,165,415",,178.42,171.65,-1.42 (-0.82%),"8,251,567",,173.07,"3,164.75",-78.01 (-2.41%),"356,451",,"3,242.76",306.52,-3.68 (-1.19%),"4,833,215",,310.20,514.30,-11.39 (-2.17%),"347,429",,525.69,"2,720.53",-75.20 (-2.69%),"113,696",,"2,795.73"
0,2022-01-18 09:39:19,39.81,-1.70 (-4.10%),"2,158,181",,41.51,177.34,-1.08 (-0.61%),"1,179,612",,178.42,171.45,-1.62 (-0.94%),"8,371,872",,173.07,"3,163.88",-78.88 (-2.43%),"362,357",,"3,242.76",306.89,-3.31 (-1.07%),"4,935,735",,310.20,515.08,-10.61 (-2.02%),"352,392",,525.69,"2,720.19",-75.54 (-2.70%),"116,105",,"2,795.73"
0,2022-01-18 09:39:35,39.92,-1.59 (-3.83%),"2,174,951",,41.51,177.43,-0.99 (-0.55%),"1,189,718",,178.42,171.45,-1.62 (-0.94%),"8,461,453",,173.07,"3,164.73",-78.03 (-2.41%),"366,860",,"3,242.76",306.83,-3.37 (-1.09%),"5,023,960",,310.20,514.72,-10.97 (-2.09%),"356,619",,525.69,"2,717.84",-77.89 (-2.79%),"117,462",,"2,795.73"
0,2022-01-18 09:39:53,39.93,-1.58 (-3.80%),"2,198,453",,41.51,177.59,-0.83 (-0.47%),"1,212,893",,178.42,171.27,-1.80 (-1.04%),"8,578,573",,173.07,"3,163.53",-79.23 (-2.44%),"369,830",,"3,242.76",306.95,-3.25 (-1.05%),"5,091,999",,310.20,514.98,-10.71 (-2.04%),"359,464",,525.69,"2,717.84",-77.89 (-2.79%),"118,998",,"2,795.73"
0,2022-01-18 09:40:09,40.06,-1.45 (-3.49%),"2,318,139",,41.51,178.24,-0.18 (-0.10%),"1,248,172",,178.42,171.30,-1.77 (-1.02%),"8,707,729",,173.07,"3,166.33",-76.43 (-2.36%),"377,416",,"3,242.76",307.10,-3.10 (-1.00%),"5,174,072",,310.20,515.65,-10.04 (-1.91%),"368,140",,525.69,"2,717.70",-78.03 (-2.79%),"124,338",,"2,795.73"
0,2022-01-18 09:40:30,40.07,-1.44 (-3.47%),"2,374,512",,41.51,177.83,-0.59 (-0.33%),"1,280,703",,178.42,171.41,-1.66 (-0.96%),"8,835,405",,173.07,"3,163.16",-79.60 (-2.45%),"384,262",,"3,242.76",306.21,-3.99 (-1.29%),"5,255,362",,310.20,514.18,-11.51 (-2.19%),"372,704",,525.69,"2,716.85",-78.88 (-2.82%),"127,385",,"2,795.73"
0,2022-01-18 09:40:50,39.97,-1.53 (-3.70%),"2,426,550",,41.51,177.16,-1.26 (-0.71%),"1,292,724",,178.42,171.18,-1.89 (-1.09%),"9,018,676",,173.07,"3,164.48",-78.28 (-2.41%),"388,222",,"3,242.76",305.94,-4.26 (-1.37%),"5,327,629",,310.20,514.48,-11.21 (-2.13%),"379,033",,525.69,"2,718.88",-76.85 (-2.75%),"129,450",,"2,795.73"
0,2022-01-18 09:41:17,40.11,-1.40 (-3.38%),"2,472,908",,41.51,177.64,-0.78 (-0.44%),"1,315,989",,178.42,171.83,-1.24 (-0.72%),"9,262,730",,173.07,"3,172.46",-70.30 (-2.17%),"395,941",,"3,242.76",306.64,-3.56 (-1.15%),"5,407,546",,310.20,515.49,-10.20 (-1.94%),"390,822",,525.69,"2,721.14",-74.59 (-2.67%),"130,547",,"2,795.73"
0,2022-01-18 09:41:38,40.08,-1.43 (-3.45%),"2,507,793",,41.51,177.90,-0.52 (-0.29%),"1,324,965",,178.42,171.97,-1.10 (-0.64%),"9,444,027",,173.07,"3,175.59",-67.17 (-2.07%),"401,055",,"3,242.76",306.86,-3.34 (-1.08%),"5,481,674",,310.20,515.55,-10.14 (-1.93%),"394,419",,525.69,"2,721.14",-74.59 (-2.67%),"131,148",,"2,795.73"
0,2022-01-18 09:42:02,40.04,-1.47 (-3.54%),"2,571,881",,41.51,178.06,-0.36 (-0.20%),"1,347,319",,178.42,171.96,-1.11 (-0.64%),"9,593,836",,173.07,"3,171.27",-71.49 (-2.20%),"411,530",,"3,242.76",307.30,-2.90 (-0.93%),"5,591,978",,310.20,515.24,-10.45 (-1.99%),"401,486",,525.69,"2,722.51",-73.22 (-2.62%),"134,038",,"2,795.73"
0,2022-01-18 09:42:24,39.96,-1.55 (-3.73%),"2,620,053",,41.51,178.02,-0.40 (-0.22%),"1,374,782",,178.42,172.25,-0.82 (-0.47%),"9,834,055",,173.07,"3,174.61",-68.15 (-2.10%),"417,192",,"3,242.76",307.87,-2.33 (-0.75%),"5,702,402",,310.20,515.91,-9.78 (-1.86%),"411,637",,525.69,"2,722.51",-73.22 (-2.62%),"135,885",,"2,795.73"
0,2022-01-18 09:42:48,39.94,-1.57 (-3.78%),"2,701,967",,41.51,178.09,-0.33 (-0.18%),"1,388,514",,178.42,172.34,-0.73 (-0.42%),"9,930,885",,173.07,"3,178.47",-64.29 (-1.98%),"423,300",,"3,242.76",308.03,-2.17 (-0.70%),"5,784,504",,310.20,515.75,-9.94 (-1.89%),"417,975",,525.69,"2,730.66",-65.07 (-2.33%),"137,939",,"2,795.73"
0,2022-01-18 09:43:07,39.92,-1.59 (-3.83%),"2,742,652",,41.51,178.46,+0.04 (+0.02%),"1,445,454",,178.42,172.20,-0.88 (-0.51%),"10,061,274",,173.07,"3,181.12",-61.64 (-1.90%),"428,499",,"3,242.76",307.42,-2.78 (-0.90%),"5,850,943",,310.20,515.80,-9.89 (-1.88%),"424,876",,525.69,"2,729.96",-65.77 (-2.35%),"139,421",,"2,795.73"
0,2022-01-18 09:43:27,40.01,-1.50 (-3.61%),"2,809,502",,41.51,178.44,+0.02 (+0.01%),"1,460,831",,178.42,172.20,-0.87 (-0.50%),"10,165,064",,173.07,"3,187.08",-55.68 (-1.72%),"434,547",,"3,242.76",307.73,-2.47 (-0.80%),"5,904,105",,310.20,515.70,-9.99 (-1.90%),"436,181",,525.69,"2,728.27",-67.46 (-2.41%),"140,546",,"2,795.73"
0,2022-01-18 09:43:49,40.09,-1.42 (-3.42%),"2,865,244",,41.51,178.53,+0.11 (+0.06%),"1,474,521",,178.42,172.07,-1.00 (-0.58%),"10,248,712",,173.07,"3,187.34",-55.42 (-1.71%),"440,272",,"3,242.76",307.56,-2.64 (-0.85%),"5,951,357",,310.20,515.60,-10.09 (-1.92%),"441,144",,525.69,"2,726.82",-68.91 (-2.46%),"145,624",,"2,795.73"
0,2022-01-18 09:44:09,40.10,-1.41 (-3.40%),"2,923,268",,41.51,178.38,-0.04 (-0.02%),"1,482,582",,178.42,172.12,-0.95 (-0.55%),"10,371,643",,173.07,"3,188.20",-54.56 (-1.68%),"445,327",,"3,242.76",307.17,-3.03 (-0.98%),"6,010,304",,310.20,514.83,-10.86 (-2.07%),"446,969",,525.69,"2,726.82",-68.91 (-2.46%),"148,400",,"2,795.73"
0,2022-01-18 09:44:26,40.08,-1.43 (-3.44%),"2,977,095",,41.51,178.24,-0.18 (-0.10%),"1,498,114",,178.42,171.99,-1.08 (-0.62%),"10,547,987",,173.07,"3,183.43",-59.33 (-1.83%),"447,744",,"3,242.76",306.88,-3.32 (-1.07%),"6,081,256",,310.20,515.62,-10.07 (-1.92%),"472,657",,525.69,"2,726.82",-68.91 (-2.46%),"149,316",,"2,795.73"
0,2022-01-18 09:44:44,40.12,-1.39 (-3.35%),"3,014,361",,41.51,178.46,+0.04 (+0.02%),"1,511,647",,178.42,172.15,-0.92 (-0.53%),"10,619,208",,173.07,"3,185.75",-57.01 (-1.76%),"450,545",,"3,242.76",307.10,-3.11 (-1.00%),"6,118,173",,310.20,515.48,-10.21 (-1.94%),"476,726",,525.69,"2,726.82",-68.91 (-2.46%),"150,533",,"2,795.73"
0,2022-01-18 09:45:01,40.15,-1.36 (-3.28%),"3,042,520",,41.51,178.64,+0.22 (+0.12%),"1,524,743",,178.42,172.17,-0.90 (-0.52%),"10,673,517",,173.07,"3,187.49",-55.27 (-1.70%),"456,523",,"3,242.76",307.33,-2.87 (-0.92%),"6,147,356",,310.20,515.89,-9.80 (-1.86%),"480,911",,525.69,"2,726.82",-68.91 (-2.46%),"150,782",,"2,795.73"
0,2022-01-18 09:45:18,40.20,-1.31 (-3.16%),"3,085,331",,41.51,178.47,+0.05 (+0.03%),"1,535,295",,178.42,172.13,-0.94 (-0.54%),"10,731,585",,173.07,"3,185.48",-57.28 (-1.77%),"459,106",,"3,242.76",307.19,-3.01 (-0.97%),"6,177,307",,310.20,515.80,-9.89 (-1.88%),"486,578",,525.69,"2,727.98",-67.75 (-2.42%),"152,064",,"2,795.73"
0,2022-01-18 09:45:39,40.12,-1.39 (-3.35%),"3,116,480",,41.51,178.31,-0.11 (-0.06%),"1,552,583",,178.42,172.19,-0.88 (-0.51%),"10,831,664",,173.07,"3,185.17",-57.59 (-1.78%),"463,578",,"3,242.76",307.27,-2.93 (-0.94%),"6,221,494",,310.20,517.31,-8.38 (-1.59%),"492,548",,525.69,"2,726.35",-69.38 (-2.48%),"153,547",,"2,795.73"
0,2022-01-18 09:45:58,40.07,-1.44 (-3.47%),"3,131,748",,41.51,178.53,+0.11 (+0.06%),"1,560,786",,178.42,171.95,-1.12 (-0.65%),"10,890,411",,173.07,"3,187.20",-55.56 (-1.71%),"466,130",,"3,242.76",306.71,-3.49 (-1.13%),"6,249,553",,310.20,517.36,-8.33 (-1.58%),"513,740",,525.69,"2,726.35",-69.38 (-2.48%),"155,039",,"2,795.73"
0,2022-01-18 09:46:20,40.13,-1.38 (-3.32%),"3,146,967",,41.51,178.53,+0.11 (+0.06%),"1,566,094",,178.42,171.94,-1.13 (-0.65%),"10,972,666",,173.07,"3,187.20",-55.56 (-1.71%),"467,033",,"3,242.76",306.90,-3.30 (-1.06%),"6,306,737",,310.20,517.97,-7.72 (-1.47%),"519,542",,525.69,"2,726.35",-69.38 (-2.48%),"155,149",,"2,795.73"
0,2022-01-18 09:46:42,40.19,-1.32 (-3.18%),"3,206,797",,41.51,178.71,+0.29 (+0.16%),"1,584,533",,178.42,171.64,-1.43 (-0.83%),"11,122,470",,173.07,"3,185.00",-57.76 (-1.78%),"471,488",,"3,242.76",307.38,-2.82 (-0.91%),"6,350,997",,310.20,519.01,-6.68 (-1.27%),"533,132",,525.69,"2,724.43",-71.30 (-2.55%),"156,322",,"2,795.73"
0,2022-01-18 09:47:08,40.19,-1.32 (-3.18%),"3,257,926",,41.51,178.69,+0.27 (+0.15%),"1,612,405",,178.42,171.29,-1.78 (-1.03%),"11,273,047",,173.07,"3,186.12",-56.64 (-1.75%),"473,715",,"3,242.76",306.85,-3.35 (-1.08%),"6,409,648",,310.20,519.09,-6.60 (-1.26%),"543,737",,525.69,"2,722.24",-73.49 (-2.63%),"158,332",,"2,795.73"
0,2022-01-18 09:47:31,40.22,-1.29 (-3.12%),"3,283,844",,41.51,178.83,+0.41 (+0.23%),"1,621,879",,178.42,171.35,-1.72 (-0.99%),"11,412,382",,173.07,"3,185.00",-57.76 (-1.78%),"476,481",,"3,242.76",306.60,-3.60 (-1.16%),"6,454,313",,310.20,518.28,-7.41 (-1.41%),"549,026",,525.69,"2,720.55",-75.18 (-2.69%),"160,134",,"2,795.73"
0,2022-01-18 09:47:52,40.19,-1.31 (-3.17%),"3,309,558",,41.51,178.53,+0.11 (+0.06%),"1,635,272",,178.42,171.13,-1.94 (-1.12%),"11,525,652",,173.07,"3,179.99",-62.77 (-1.94%),"481,985",,"3,242.76",306.53,-3.67 (-1.18%),"6,495,578",,310.20,518.28,-7.41 (-1.41%),"550,049",,525.69,"2,719.09",-76.64 (-2.74%),"161,599",,"2,795.73"
0,2022-01-18 09:48:09,40.16,-1.35 (-3.25%),"3,327,247",,41.51,178.42,0.00 (0.00%),"1,645,427",,178.42,170.98,-2.09 (-1.21%),"11,708,729",,173.07,"3,177.18",-65.58 (-2.02%),"483,816",,"3,242.76",306.29,-3.91 (-1.26%),"6,534,943",,310.20,517.70,-7.99 (-1.52%),"556,953",,525.69,"2,719.79",-75.94 (-2.72%),"163,135",,"2,795.73"
0,2022-01-18 09:48:27,40.34,-1.17 (-2.82%),"3,384,429",,41.51,178.33,-0.09 (-0.05%),"1,662,794",,178.42,170.94,-2.13 (-1.23%),"11,823,926",,173.07,"3,182.17",-60.59 (-1.87%),"485,700",,"3,242.76",306.15,-4.05 (-1.31%),"6,573,220",,310.20,517.89,-7.80 (-1.48%),"559,706",,525.69,"2,719.79",-75.94 (-2.72%),"163,722",,"2,795.73"
0,2022-01-18 09:48:44,40.29,-1.22 (-2.94%),"3,434,606",,41.51,178.21,-0.21 (-0.12%),"1,671,135",,178.42,171.08,-1.99 (-1.15%),"11,978,283",,173.07,"3,179.80",-62.96 (-1.94%),"488,490",,"3,242.76",306.35,-3.85 (-1.24%),"6,613,777",,310.20,518.08,-7.61 (-1.45%),"563,876",,525.69,"2,721.42",-74.31 (-2.66%),"164,315",,"2,795.73"
0,2022-01-18 09:49:01,40.23,-1.28 (-3.08%),"3,484,921",,41.51,178.13,-0.29 (-0.16%),"1,682,850",,178.42,170.78,-2.29 (-1.32%),"12,127,690",,173.07,"3,178.74",-64.02 (-1.97%),"491,134",,"3,242.76",306.13,-4.07 (-1.31%),"6,665,954",,310.20,518.21,-7.48 (-1.42%),"566,750",,525.69,"2,718.46",-77.27 (-2.76%),"167,476",,"2,795.73"
0,2022-01-18 09:49:17,40.25,-1.26 (-3.04%),"3,524,767",,41.51,178.11,-0.31 (-0.17%),"1,696,543",,178.42,170.90,-2.17 (-1.25%),"12,253,591",,173.07,"3,178.00",-64.76 (-2.00%),"495,288",,"3,242.76",306.16,-4.04 (-1.30%),"6,708,473",,310.20,518.44,-7.25 (-1.38%),"572,242",,525.69,"2,721.22",-74.51 (-2.67%),"169,293",,"2,795.73"
0,2022-01-18 09:49:36,40.27,-1.24 (-2.99%),"3,585,797",,41.51,178.15,-0.27 (-0.15%),"1,712,722",,178.42,170.80,-2.27 (-1.31%),"12,424,370",,173.07,"3,176.81",-65.95 (-2.03%),"500,135",,"3,242.76",306.02,-4.18 (-1.35%),"6,764,859",,310.20,518.50,-7.19 (-1.37%),"583,347",,525.69,"2,721.22",-74.51 (-2.67%),"170,913",,"2,795.73"
0,2022-01-18 09:49:56,40.20,-1.31 (-3.15%),"3,623,119",,41.51,177.99,-0.43 (-0.24%),"1,729,286",,178.42,171.01,-2.06 (-1.19%),"12,570,929",,173.07,"3,176.99",-65.77 (-2.03%),"502,714",,"3,242.76",306.12,-4.08 (-1.32%),"6,798,755",,310.20,518.95,-6.74 (-1.28%),"590,255",,525.69,"2,721.22",-74.51 (-2.67%),"172,287",,"2,795.73"
0,2022-01-18 09:50:12,40.25,-1.26 (-3.04%),"3,636,053",,41.51,177.60,-0.82 (-0.46%),"1,741,179",,178.42,170.80,-2.27 (-1.31%),"12,693,957",,173.07,"3,176.91",-65.85 (-2.03%),"504,621",,"3,242.76",305.77,-4.43 (-1.43%),"6,830,790",,310.20,518.51,-7.18 (-1.37%),"593,976",,525.69,"2,716.85",-78.88 (-2.82%),"174,851",,"2,795.73"
0,2022-01-18 09:50:29,40.21,-1.30 (-3.13%),"3,688,858",,41.51,178.21,-0.21 (-0.12%),"1,753,122",,178.42,170.96,-2.11 (-1.22%),"12,766,551",,173.07,"3,175.76",-67.00 (-2.07%),"506,973",,"3,242.76",305.93,-4.27 (-1.38%),"6,860,886",,310.20,517.57,-8.12 (-1.54%),"599,091",,525.69,"2,716.25",-79.48 (-2.84%),"176,404",,"2,795.73"
0,2022-01-18 09:50:45,40.23,-1.28 (-3.08%),"3,703,897",,41.51,178.03,-0.39 (-0.22%),"1,765,258",,178.42,171.08,-1.99 (-1.15%),"12,900,958",,173.07,"3,174.00",-68.76 (-2.12%),"512,596",,"3,242.76",306.06,-4.14 (-1.33%),"6,900,440",,310.20,516.25,-9.44 (-1.80%),"604,879",,525.69,"2,715.77",-79.96 (-2.86%),"180,527",,"2,795.73"
0,2022-01-18 09:51:01,40.21,-1.30 (-3.14%),"3,727,945",,41.51,177.67,-0.75 (-0.42%),"1,772,843",,178.42,170.92,-2.15 (-1.24%),"12,989,323",,173.07,"3,170.00",-72.76 (-2.24%),"518,086",,"3,242.76",305.46,-4.74 (-1.53%),"6,959,157",,310.20,515.25,-10.44 (-1.99%),"611,834",,525.69,"2,713.85",-81.88 (-2.93%),"183,089",,"2,795.73"
0,2022-01-18 09:51:25,40.12,-1.39 (-3.35%),"3,743,728",,41.51,177.56,-0.86 (-0.48%),"1,788,242",,178.42,170.68,-2.39 (-1.38%),"13,145,522",,173.07,"3,166.19",-76.57 (-2.36%),"521,890",,"3,242.76",305.30,-4.90 (-1.58%),"7,016,982",,310.20,515.46,-10.23 (-1.95%),"616,081",,525.69,"2,715.42",-80.31 (-2.87%),"186,554",,"2,795.73"
0,2022-01-18 09:51:46,40.18,-1.33 (-3.20%),"3,768,363",,41.51,177.83,-0.59 (-0.33%),"1,801,958",,178.42,171.00,-2.07 (-1.20%),"13,248,764",,173.07,"3,171.70",-71.06 (-2.19%),"524,515",,"3,242.76",305.29,-4.91 (-1.58%),"7,060,644",,310.20,515.81,-9.88 (-1.88%),"620,229",,525.69,"2,714.57",-81.16 (-2.90%),"187,810",,"2,795.73"
0,2022-01-18 09:52:04,40.28,-1.23 (-2.96%),"3,796,155",,41.51,177.93,-0.49 (-0.27%),"1,819,993",,178.42,170.89,-2.18 (-1.26%),"13,374,022",,173.07,"3,173.78",-68.98 (-2.13%),"529,875",,"3,242.76",305.75,-4.45 (-1.43%),"7,126,118",,310.20,515.60,-10.09 (-1.92%),"625,605",,525.69,"2,713.72",-82.01 (-2.93%),"189,787",,"2,795.73"
0,2022-01-18 09:52:26,40.27,-1.24 (-2.99%),"3,835,169",,41.51,177.84,-0.58 (-0.33%),"1,840,403",,178.42,171.00,-2.07 (-1.20%),"13,472,817",,173.07,"3,173.62",-69.14 (-2.13%),"531,354",,"3,242.76",305.34,-4.86 (-1.57%),"7,157,554",,310.20,515.19,-10.50 (-2.00%),"630,595",,525.69,"2,715.02",-80.71 (-2.89%),"190,608",,"2,795.73"
0,2022-01-18 09:52:49,40.22,-1.29 (-3.11%),"3,884,249",,41.51,177.89,-0.53 (-0.30%),"1,855,661",,178.42,170.94,-2.13 (-1.23%),"13,558,720",,173.07,"3,174.22",-68.54 (-2.11%),"534,438",,"3,242.76",305.54,-4.67 (-1.50%),"7,214,558",,310.20,516.56,-9.13 (-1.74%),"634,217",,525.69,"2,715.02",-80.71 (-2.89%),"192,928",,"2,795.73"
0,2022-01-18 09:53:13,40.20,-1.31 (-3.16%),"3,910,746",,41.51,177.91,-0.51 (-0.29%),"1,865,797",,178.42,171.17,-1.90 (-1.10%),"13,626,505",,173.07,"3,177.50",-65.26 (-2.01%),"536,538",,"3,242.76",305.98,-4.22 (-1.36%),"7,261,077",,310.20,516.85,-8.84 (-1.68%),"638,315",,525.69,"2,716.33",-79.40 (-2.84%),"195,556",,"2,795.73"
0,2022-01-18 09:53:31,40.20,-1.31 (-3.15%),"3,934,052",,41.51,177.99,-0.43 (-0.24%),"1,883,894",,178.42,171.18,-1.89 (-1.09%),"13,726,181",,173.07,"3,179.68",-63.08 (-1.95%),"540,172",,"3,242.76",306.08,-4.12 (-1.33%),"7,307,515",,310.20,515.66,-10.03 (-1.91%),"640,811",,525.69,"2,716.53",-79.20 (-2.83%),"198,608",,"2,795.73"
0,2022-01-18 09:53:48,40.22,-1.29 (-3.11%),"3,958,863",,41.51,177.97,-0.45 (-0.25%),"1,889,341",,178.42,171.17,-1.90 (-1.10%),"13,796,521",,173.07,"3,181.01",-61.75 (-1.90%),"544,117",,"3,242.76",305.77,-4.43 (-1.43%),"7,350,601",,310.20,515.52,-10.17 (-1.93%),"642,548",,525.69,"2,716.53",-79.20 (-2.83%),"199,005",,"2,795.73"
0,2022-01-18 09:54:06,40.29,-1.22 (-2.95%),"3,985,704",,41.51,177.95,-0.47 (-0.26%),"1,895,247",,178.42,171.11,-1.96 (-1.13%),"13,853,025",,173.07,"3,182.84",-59.92 (-1.85%),"545,400",,"3,242.76",306.27,-3.93 (-1.27%),"7,386,408",,310.20,516.67,-9.02 (-1.72%),"645,521",,525.69,"2,716.11",-79.61 (-2.85%),"199,753",,"2,795.73"
0,2022-01-18 09:54:27,40.29,-1.22 (-2.95%),"4,009,717",,41.51,177.71,-0.71 (-0.40%),"1,912,638",,178.42,171.11,-1.96 (-1.13%),"13,943,284",,173.07,"3,181.62",-61.14 (-1.89%),"549,890",,"3,242.76",306.18,-4.02 (-1.30%),"7,448,770",,310.20,516.24,-9.45 (-1.80%),"647,967",,525.69,"2,716.34",-79.39 (-2.84%),"200,759",,"2,795.73"
0,2022-01-18 09:54:50,40.21,-1.30 (-3.12%),"4,034,909",,41.51,177.52,-0.90 (-0.50%),"1,919,544",,178.42,170.91,-2.16 (-1.25%),"14,036,853",,173.07,"3,180.11",-62.65 (-1.93%),"551,954",,"3,242.76",305.80,-4.40 (-1.42%),"7,499,350",,310.20,515.87,-9.82 (-1.87%),"649,840",,525.69,"2,716.34",-79.39 (-2.84%),"201,738",,"2,795.73"
0,2022-01-18 09:55:10,40.23,-1.28 (-3.08%),"4,056,570",,41.51,177.52,-0.90 (-0.50%),"1,936,562",,178.42,170.71,-2.36 (-1.36%),"14,138,399",,173.07,"3,176.02",-66.74 (-2.06%),"553,669",,"3,242.76",305.68,-4.52 (-1.46%),"7,537,167",,310.20,516.30,-9.39 (-1.79%),"655,526",,525.69,"2,713.61",-82.12 (-2.94%),"205,700",,"2,795.73"
0,2022-01-18 09:55:39,40.24,-1.27 (-3.07%),"4,095,513",,41.51,177.35,-1.07 (-0.60%),"1,946,982",,178.42,170.76,-2.31 (-1.33%),"14,294,700",,173.07,"3,173.47",-69.29 (-2.14%),"558,104",,"3,242.76",305.47,-4.73 (-1.53%),"7,591,289",,310.20,516.18,-9.51 (-1.81%),"658,679",,525.69,"2,714.17",-81.56 (-2.92%),"209,014",,"2,795.73"
0,2022-01-18 09:56:04,40.26,-1.25 (-3.02%),"4,146,943",,41.51,177.16,-1.26 (-0.71%),"1,963,620",,178.42,170.88,-2.19 (-1.26%),"14,390,045",,173.07,"3,177.08",-65.68 (-2.03%),"559,371",,"3,242.76",305.68,-4.52 (-1.46%),"7,633,830",,310.20,516.28,-9.41 (-1.79%),"660,483",,525.69,"2,717.60",-78.13 (-2.79%),"210,072",,"2,795.73"
0,2022-01-18 09:56:25,40.25,-1.26 (-3.04%),"4,166,814",,41.51,177.27,-1.15 (-0.64%),"1,974,578",,178.42,170.86,-2.21 (-1.28%),"14,425,954",,173.07,"3,177.77",-64.99 (-2.00%),"560,968",,"3,242.76",305.87,-4.33 (-1.40%),"7,657,357",,310.20,516.39,-9.30 (-1.77%),"665,843",,525.69,"2,718.16",-77.57 (-2.77%),"210,831",,"2,795.73"
0,2022-01-18 09:56:42,40.28,-1.23 (-2.98%),"4,188,607",,41.51,177.37,-1.05 (-0.59%),"1,980,742",,178.42,170.81,-2.26 (-1.31%),"14,465,349",,173.07,"3,177.77",-64.99 (-2.00%),"562,316",,"3,242.76",305.77,-4.43 (-1.43%),"7,673,541",,310.20,516.54,-9.15 (-1.74%),"667,572",,525.69,"2,718.16",-77.57 (-2.77%),"212,022",,"2,795.73"
0,2022-01-18 09:57:04,40.24,-1.27 (-3.06%),"4,198,895",,41.51,177.43,-0.99 (-0.55%),"1,988,712",,178.42,170.78,-2.29 (-1.32%),"14,528,329",,173.07,"3,175.03",-67.73 (-2.09%),"564,429",,"3,242.76",305.73,-4.47 (-1.44%),"7,699,217",,310.20,516.30,-9.39 (-1.79%),"670,553",,525.69,"2,712.56",-83.17 (-2.97%),"214,870",,"2,795.73"
0,2022-01-18 09:57:21,40.22,-1.29 (-3.12%),"4,228,994",,41.51,177.31,-1.11 (-0.62%),"1,996,664",,178.42,170.78,-2.29 (-1.32%),"14,569,618",,173.07,"3,175.18",-67.58 (-2.08%),"565,767",,"3,242.76",305.77,-4.43 (-1.43%),"7,721,463",,310.20,516.72,-8.97 (-1.71%),"673,429",,525.69,"2,712.56",-83.17 (-2.97%),"215,907",,"2,795.73"
0,2022-01-18 09:57:39,40.18,-1.33 (-3.20%),"4,258,814",,41.51,177.22,-1.20 (-0.67%),"2,013,118",,178.42,170.78,-2.29 (-1.32%),"14,605,434",,173.07,"3,175.18",-67.58 (-2.08%),"566,756",,"3,242.76",305.65,-4.55 (-1.47%),"7,735,743",,310.20,516.15,-9.54 (-1.81%),"674,883",,525.69,"2,712.56",-83.17 (-2.97%),"217,253",,"2,795.73"
0,2022-01-18 09:57:57,40.14,-1.37 (-3.30%),"4,273,281",,41.51,177.13,-1.29 (-0.72%),"2,022,155",,178.42,170.70,-2.37 (-1.37%),"14,676,874",,173.07,"3,171.03",-71.73 (-2.21%),"567,774",,"3,242.76",305.69,-4.51 (-1.45%),"7,771,850",,310.20,516.24,-9.45 (-1.80%),"677,439",,525.69,"2,712.60",-83.13 (-2.97%),"219,972",,"2,795.73"
0,2022-01-18 09:58:14,40.24,-1.26 (-3.05%),"4,311,106",,41.51,177.21,-1.21 (-0.68%),"2,032,404",,178.42,170.95,-2.12 (-1.22%),"14,764,552",,173.07,"3,176.27",-66.49 (-2.05%),"571,828",,"3,242.76",306.21,-3.99 (-1.29%),"7,810,535",,310.20,516.53,-9.16 (-1.74%),"680,246",,525.69,"2,712.60",-83.13 (-2.97%),"222,038",,"2,795.73"
0,2022-01-18 09:58:32,40.21,-1.30 (-3.13%),"4,337,890",,41.51,177.08,-1.34 (-0.75%),"2,042,757",,178.42,170.80,-2.27 (-1.31%),"14,874,712",,173.07,"3,172.84",-69.92 (-2.16%),"577,043",,"3,242.76",305.95,-4.25 (-1.37%),"7,839,515",,310.20,516.02,-9.67 (-1.84%),"683,176",,525.69,"2,714.86",-80.87 (-2.89%),"222,766",,"2,795.73"
0,2022-01-18 09:58:49,40.20,-1.31 (-3.15%),"4,360,030",,41.51,177.08,-1.34 (-0.75%),"2,053,408",,178.42,171.00,-2.07 (-1.20%),"14,917,774",,173.07,"3,179.05",-63.71 (-1.96%),"579,479",,"3,242.76",306.51,-3.69 (-1.19%),"7,904,876",,310.20,516.08,-9.61 (-1.83%),"688,306",,525.69,"2,717.65",-78.08 (-2.79%),"224,149",,"2,795.73"
0,2022-01-18 09:59:18,40.16,-1.35 (-3.25%),"4,386,240",,41.51,177.04,-1.38 (-0.77%),"2,073,591",,178.42,171.02,-2.05 (-1.18%),"15,032,504",,173.07,"3,181.20",-61.56 (-1.90%),"583,824",,"3,242.76",306.95,-3.26 (-1.05%),"7,955,582",,310.20,516.34,-9.35 (-1.78%),"696,343",,525.69,"2,718.92",-76.81 (-2.75%),"224,728",,"2,795.73"
0,2022-01-18 09:59:40,40.20,-1.31 (-3.16%),"4,405,555",,41.51,177.24,-1.18 (-0.66%),"2,084,615",,178.42,171.12,-1.95 (-1.12%),"15,138,851",,173.07,"3,179.89",-62.87 (-1.94%),"587,508",,"3,242.76",307.14,-3.06 (-0.99%),"8,002,214",,310.20,516.73,-8.96 (-1.70%),"697,006",,525.69,"2,718.92",-76.81 (-2.75%),"225,276",,"2,795.73"
0,2022-01-18 10:00:01,40.15,-1.36 (-3.28%),"4,431,599",,41.51,177.24,-1.18 (-0.66%),"2,096,913",,178.42,170.90,-2.17 (-1.25%),"15,282,486",,173.07,"3,182.61",-60.15 (-1.85%),"592,532",,"3,242.76",306.58,-3.62 (-1.17%),"8,072,452",,310.20,516.24,-9.45 (-1.80%),"710,578",,525.69,"2,716.00",-79.73 (-2.85%),"226,987",,"2,795.73"
0,2022-01-18 10:00:28,40.12,-1.38 (-3.34%),"4,492,490",,41.51,177.22,-1.20 (-0.67%),"2,123,406",,178.42,171.03,-2.04 (-1.18%),"15,441,177",,173.07,"3,179.11",-63.65 (-1.96%),"597,392",,"3,242.76",306.62,-3.58 (-1.15%),"8,132,968",,310.20,515.57,-10.12 (-1.93%),"719,152",,525.69,"2,720.45",-75.28 (-2.69%),"228,767",,"2,795.73"
0,2022-01-18 10:00:53,40.13,-1.38 (-3.32%),"4,527,207",,41.51,177.10,-1.32 (-0.74%),"2,129,247",,178.42,171.01,-2.06 (-1.19%),"15,493,366",,173.07,"3,178.50",-64.26 (-1.98%),"599,590",,"3,242.76",306.25,-3.95 (-1.27%),"8,171,354",,310.20,515.01,-10.68 (-2.03%),"720,409",,525.69,"2,720.45",-75.28 (-2.69%),"228,929",,"2,795.73"
0,2022-01-18 10:01:11,40.11,-1.40 (-3.37%),"4,554,736",,41.51,177.15,-1.27 (-0.71%),"2,131,201",,178.42,171.00,-2.07 (-1.20%),"15,502,989",,173.07,"3,178.50",-64.26 (-1.98%),"599,590",,"3,242.76",306.25,-3.95 (-1.27%),"8,171,354",,310.20,515.01,-10.68 (-2.03%),"720,409",,525.69,"2,720.45",-75.28 (-2.69%),"228,929",,"2,795.73"
0,2022-01-18 10:01:30,40.14,-1.37 (-3.30%),"4,571,859",,41.51,177.15,-1.27 (-0.71%),"2,131,201",,178.42,171.00,-2.07 (-1.20%),"15,502,989",,173.07,"3,178.50",-64.26 (-1.98%),"599,590",,"3,242.76",306.25,-3.95 (-1.27%),"8,171,354",,310.20,515.01,-10.68 (-2.03%),"720,409",,525.69,"2,720.45",-75.28 (-2.69%),"228,929",,"2,795.73"
0,2022-01-18 10:01:51,40.12,-1.39 (-3.35%),"4,590,656",,41.51,177.15,-1.27 (-0.71%),"2,131,201",,178.42,170.99,-2.08 (-1.20%),"15,723,509",,173.07,"3,172.10",-70.66 (-2.18%),"599,590",,"3,242.76",306.15,-4.05 (-1.31%),"8,301,002",,310.20,515.01,-10.68 (-2.03%),"746,153",,525.69,"2,720.45",-75.28 (-2.69%),"231,527",,"2,795.73"
0,2022-01-18 10:02:11,40.11,-1.40 (-3.37%),"4,611,541",,41.51,177.18,-1.24 (-0.69%),"2,172,336",,178.42,170.95,-2.12 (-1.22%),"15,773,719",,173.07,"3,174.13",-68.63 (-2.12%),"612,649",,"3,242.76",306.40,-3.80 (-1.23%),"8,324,186",,310.20,514.80,-10.89 (-2.07%),"755,148",,525.69,"2,720.45",-75.28 (-2.69%),"232,058",,"2,795.73"
0,2022-01-18 10:02:29,40.15,-1.36 (-3.28%),"4,625,246",,41.51,177.34,-1.08 (-0.60%),"2,182,144",,178.42,171.06,-2.01 (-1.16%),"15,829,116",,173.07,"3,175.95",-66.81 (-2.06%),"615,881",,"3,242.76",306.48,-3.72 (-1.20%),"8,376,209",,310.20,514.57,-11.12 (-2.12%),"761,706",,525.69,"2,720.45",-75.28 (-2.69%),"232,849",,"2,795.73"
0,2022-01-18 10:02:54,40.14,-1.37 (-3.30%),"4,672,535",,41.51,177.29,-1.13 (-0.63%),"2,189,540",,178.42,170.91,-2.16 (-1.25%),"15,905,631",,173.07,"3,173.38",-69.38 (-2.14%),"618,674",,"3,242.76",306.31,-3.89 (-1.25%),"8,420,296",,310.20,514.49,-11.20 (-2.13%),"763,560",,525.69,"2,717.30",-78.43 (-2.81%),"234,964",,"2,795.73"
0,2022-01-18 10:03:14,40.14,-1.37 (-3.30%),"4,690,799",,41.51,177.26,-1.15 (-0.65%),"2,193,075",,178.42,171.01,-2.06 (-1.19%),"15,977,623",,173.07,"3,173.38",-69.38 (-2.14%),"619,797",,"3,242.76",306.38,-3.82 (-1.23%),"8,455,256",,310.20,515.62,-10.07 (-1.92%),"772,901",,525.69,"2,719.46",-76.27 (-2.73%),"235,874",,"2,795.73"
0,2022-01-18 10:03:35,40.15,-1.36 (-3.28%),"4,704,665",,41.51,177.41,-1.01 (-0.56%),"2,204,433",,178.42,171.09,-1.98 (-1.14%),"16,024,747",,173.07,"3,175.38",-67.39 (-2.08%),"623,633",,"3,242.76",306.78,-3.42 (-1.10%),"8,483,290",,310.20,515.96,-9.73 (-1.85%),"776,743",,525.69,"2,719.46",-76.27 (-2.73%),"236,033",,"2,795.73"
0,2022-01-18 10:03:53,40.11,-1.40 (-3.37%),"4,718,423",,41.51,177.51,-0.91 (-0.51%),"2,213,013",,178.42,171.09,-1.98 (-1.15%),"16,129,881",,173.07,"3,175.00",-67.76 (-2.09%),"624,595",,"3,242.76",307.04,-3.16 (-1.02%),"8,543,792",,310.20,516.42,-9.27 (-1.76%),"780,486",,525.69,"2,719.46",-76.27 (-2.73%),"237,730",,"2,795.73"
0,2022-01-18 10:04:14,40.09,-1.42 (-3.42%),"4,731,866",,41.51,177.38,-1.04 (-0.58%),"2,221,021",,178.42,171.32,-1.75 (-1.01%),"16,254,305",,173.07,"3,175.62",-67.14 (-2.07%),"627,928",,"3,242.76",307.44,-2.76 (-0.89%),"8,583,336",,310.20,516.52,-9.17 (-1.74%),"782,847",,525.69,"2,720.73",-75.00 (-2.68%),"239,372",,"2,795.73"
0,2022-01-18 10:04:31,40.16,-1.35 (-3.25%),"4,756,127",,41.51,177.71,-0.71 (-0.40%),"2,245,271",,178.42,171.26,-1.81 (-1.05%),"16,329,204",,173.07,"3,176.97",-65.79 (-2.03%),"631,245",,"3,242.76",307.47,-2.73 (-0.88%),"8,623,116",,310.20,517.00,-8.69 (-1.65%),"786,415",,525.69,"2,728.99",-66.74 (-2.39%),"242,083",,"2,795.73"
0,2022-01-18 10:04:48,40.18,-1.33 (-3.20%),"4,772,609",,41.51,177.55,-0.87 (-0.49%),"2,250,271",,178.42,171.22,-1.85 (-1.07%),"16,386,140",,173.07,"3,173.31",-69.45 (-2.14%),"633,981",,"3,242.76",307.24,-2.96 (-0.95%),"8,652,567",,310.20,517.34,-8.35 (-1.59%),"789,060",,525.69,"2,726.10",-69.63 (-2.49%),"246,556",,"2,795.73"
0,2022-01-18 10:05:05,40.18,-1.33 (-3.20%),"4,787,958",,41.51,177.58,-0.84 (-0.47%),"2,254,089",,178.42,171.23,-1.84 (-1.06%),"16,447,036",,173.07,"3,175.85",-66.91 (-2.06%),"638,736",,"3,242.76",307.53,-2.67 (-0.86%),"8,687,955",,310.20,518.26,-7.43 (-1.41%),"792,788",,525.69,"2,726.92",-68.81 (-2.46%),"248,007",,"2,795.73"
0,2022-01-18 10:05:23,40.20,-1.31 (-3.16%),"4,815,036",,41.51,177.96,-0.46 (-0.26%),"2,259,605",,178.42,171.23,-1.84 (-1.06%),"16,543,700",,173.07,"3,176.41",-66.35 (-2.05%),"641,369",,"3,242.76",307.78,-2.42 (-0.78%),"8,710,716",,310.20,518.60,-7.09 (-1.35%),"796,271",,525.69,"2,726.92",-68.81 (-2.46%),"248,369",,"2,795.73"
0,2022-01-18 10:05:40,40.17,-1.34 (-3.23%),"4,827,516",,41.51,177.91,-0.51 (-0.28%),"2,271,744",,178.42,171.19,-1.88 (-1.09%),"16,638,650",,173.07,"3,176.82",-65.94 (-2.03%),"642,582",,"3,242.76",307.67,-2.53 (-0.82%),"8,748,656",,310.20,518.97,-6.72 (-1.28%),"804,558",,525.69,"2,726.92",-68.81 (-2.46%),"248,746",,"2,795.73"
0,2022-01-18 10:05:59,40.09,-1.42 (-3.42%),"4,873,349",,41.51,177.95,-0.47 (-0.26%),"2,277,606",,178.42,171.24,-1.83 (-1.06%),"16,716,305",,173.07,"3,174.07",-68.69 (-2.12%),"644,589",,"3,242.76",307.92,-2.28 (-0.74%),"8,801,314",,310.20,518.38,-7.31 (-1.39%),"816,476",,525.69,"2,727.85",-67.88 (-2.43%),"249,811",,"2,795.73"
0,2022-01-18 10:06:23,40.08,-1.43 (-3.44%),"4,900,468",,41.51,178.00,-0.42 (-0.24%),"2,293,306",,178.42,171.35,-1.72 (-0.99%),"16,826,923",,173.07,"3,176.03",-66.73 (-2.06%),"649,058",,"3,242.76",308.65,-1.55 (-0.50%),"8,908,516",,310.20,518.76,-6.93 (-1.32%),"820,118",,525.69,"2,727.86",-67.87 (-2.43%),"251,432",,"2,795.73"
0,2022-01-18 10:06:42,40.23,-1.28 (-3.08%),"4,930,522",,41.51,178.56,+0.14 (+0.08%),"2,307,891",,178.42,171.61,-1.46 (-0.84%),"16,938,614",,173.07,"3,180.00",-62.76 (-1.94%),"652,185",,"3,242.76",308.75,-1.45 (-0.47%),"9,004,325",,310.20,519.43,-6.26 (-1.19%),"824,144",,525.69,"2,727.86",-67.87 (-2.43%),"252,403",,"2,795.73"
0,2022-01-18 10:07:04,40.23,-1.28 (-3.08%),"4,961,966",,41.51,178.82,+0.40 (+0.22%),"2,356,286",,178.42,171.66,-1.41 (-0.81%),"17,066,671",,173.07,"3,181.74",-61.02 (-1.88%),"658,928",,"3,242.76",308.47,-1.73 (-0.56%),"9,061,068",,310.20,519.22,-6.47 (-1.23%),"827,559",,525.69,"2,734.20",-61.53 (-2.20%),"253,866",,"2,795.73"
0,2022-01-18 10:07:25,40.26,-1.25 (-3.02%),"4,982,877",,41.51,178.71,+0.29 (+0.17%),"2,387,157",,178.42,171.62,-1.45 (-0.84%),"17,118,296",,173.07,"3,182.53",-60.23 (-1.86%),"661,946",,"3,242.76",308.57,-1.64 (-0.53%),"9,093,636",,310.20,519.37,-6.32 (-1.20%),"828,501",,525.69,"2,734.26",-61.47 (-2.20%),"255,225",,"2,795.73"
0,2022-01-18 10:07:43,40.30,-1.21 (-2.91%),"5,033,380",,41.51,178.79,+0.37 (+0.21%),"2,393,425",,178.42,171.56,-1.51 (-0.87%),"17,178,150",,173.07,"3,182.28",-60.48 (-1.87%),"665,162",,"3,242.76",308.36,-1.84 (-0.59%),"9,121,483",,310.20,518.98,-6.71 (-1.28%),"830,729",,525.69,"2,735.13",-60.60 (-2.17%),"256,119",,"2,795.73"
0,2022-01-18 10:07:59,40.31,-1.20 (-2.90%),"5,066,201",,41.51,178.85,+0.43 (+0.24%),"2,400,641",,178.42,171.61,-1.46 (-0.84%),"17,218,656",,173.07,"3,181.02",-61.74 (-1.90%),"669,033",,"3,242.76",308.61,-1.59 (-0.51%),"9,155,407",,310.20,518.56,-7.13 (-1.36%),"832,626",,525.69,"2,735.42",-60.31 (-2.16%),"257,234",,"2,795.73"
0,2022-01-18 10:08:15,40.31,-1.20 (-2.90%),"5,089,752",,41.51,178.74,+0.32 (+0.18%),"2,407,124",,178.42,171.58,-1.49 (-0.86%),"17,273,093",,173.07,"3,178.65",-64.11 (-1.98%),"673,036",,"3,242.76",308.31,-1.89 (-0.61%),"9,190,220",,310.20,518.46,-7.23 (-1.38%),"835,444",,525.69,"2,731.28",-64.45 (-2.31%),"259,403",,"2,795.73"
0,2022-01-18 10:08:38,40.32,-1.19 (-2.87%),"5,122,326",,41.51,179.13,+0.71 (+0.40%),"2,435,719",,178.42,171.67,-1.40 (-0.81%),"17,404,872",,173.07,"3,182.01",-60.75 (-1.87%),"675,986",,"3,242.76",308.68,-1.52 (-0.49%),"9,238,091",,310.20,518.51,-7.18 (-1.37%),"840,625",,525.69,"2,732.73",-63.00 (-2.25%),"260,397",,"2,795.73"
0,2022-01-18 10:09:05,40.37,-1.14 (-2.74%),"5,155,812",,41.51,179.23,+0.81 (+0.45%),"2,468,318",,178.42,171.85,-1.22 (-0.70%),"17,505,783",,173.07,"3,184.00",-58.76 (-1.81%),"686,530",,"3,242.76",308.96,-1.24 (-0.40%),"9,295,517",,310.20,519.14,-6.55 (-1.25%),"847,133",,525.69,"2,736.88",-58.85 (-2.10%),"260,979",,"2,795.73"
0,2022-01-18 10:09:27,40.38,-1.13 (-2.72%),"5,178,200",,41.51,179.22,+0.80 (+0.45%),"2,479,642",,178.42,171.89,-1.18 (-0.68%),"17,585,551",,173.07,"3,191.00",-51.76 (-1.60%),"694,733",,"3,242.76",309.19,-1.01 (-0.33%),"9,351,188",,310.20,519.08,-6.61 (-1.26%),"850,277",,525.69,"2,736.72",-59.01 (-2.11%),"261,287",,"2,795.73"
0,2022-01-18 10:09:46,40.36,-1.15 (-2.77%),"5,198,790",,41.51,179.29,+0.87 (+0.49%),"2,486,801",,178.42,171.89,-1.18 (-0.68%),"17,665,124",,173.07,"3,189.25",-53.51 (-1.65%),"699,438",,"3,242.76",309.23,-0.97 (-0.31%),"9,386,478",,310.20,518.60,-7.09 (-1.35%),"854,176",,525.69,"2,736.72",-59.01 (-2.11%),"261,761",,"2,795.73"
0,2022-01-18 10:10:02,40.40,-1.11 (-2.68%),"5,223,145",,41.51,179.14,+0.72 (+0.40%),"2,499,979",,178.42,171.88,-1.19 (-0.69%),"17,724,379",,173.07,"3,189.79",-52.97 (-1.63%),"703,374",,"3,242.76",309.13,-1.07 (-0.34%),"9,425,673",,310.20,518.81,-6.88 (-1.31%),"858,313",,525.69,"2,736.23",-59.50 (-2.13%),"263,150",,"2,795.73"
0,2022-01-18 10:10:21,40.48,-1.03 (-2.48%),"5,247,109",,41.51,179.53,+1.11 (+0.62%),"2,527,316",,178.42,171.76,-1.31 (-0.76%),"17,788,685",,173.07,"3,188.15",-54.61 (-1.68%),"706,267",,"3,242.76",309.25,-0.95 (-0.31%),"9,458,069",,310.20,519.11,-6.58 (-1.25%),"861,489",,525.69,"2,736.23",-59.50 (-2.13%),"263,387",,"2,795.73"
0,2022-01-18 10:10:44,40.51,-1.00 (-2.41%),"5,284,545",,41.51,179.57,+1.15 (+0.64%),"2,541,741",,178.42,171.79,-1.28 (-0.74%),"17,860,343",,173.07,"3,187.25",-55.51 (-1.71%),"711,304",,"3,242.76",309.38,-0.82 (-0.26%),"9,494,730",,310.20,519.71,-5.98 (-1.14%),"863,018",,525.69,"2,739.05",-56.68 (-2.03%),"264,309",,"2,795.73"
0,2022-01-18 10:10:59,40.64,-0.87 (-2.09%),"5,345,023",,41.51,179.43,+1.01 (+0.57%),"2,550,202",,178.42,171.80,-1.27 (-0.73%),"17,926,942",,173.07,"3,189.49",-53.27 (-1.64%),"722,887",,"3,242.76",309.19,-1.01 (-0.33%),"9,531,646",,310.20,519.40,-6.29 (-1.20%),"866,476",,525.69,"2,740.99",-54.74 (-1.96%),"266,237",,"2,795.73"
0,2022-01-18 10:11:19,40.63,-0.88 (-2.11%),"5,389,036",,41.51,179.51,+1.09 (+0.61%),"2,567,220",,178.42,171.84,-1.23 (-0.71%),"18,080,697",,173.07,"3,190.15",-52.61 (-1.62%),"727,684",,"3,242.76",309.41,-0.79 (-0.25%),"9,577,230",,310.20,519.74,-5.95 (-1.13%),"872,891",,525.69,"2,741.57",-54.16 (-1.94%),"266,805",,"2,795.73"
0,2022-01-18 10:11:39,40.73,-0.78 (-1.88%),"5,433,952",,41.51,179.41,+0.99 (+0.55%),"2,573,831",,178.42,171.83,-1.24 (-0.72%),"18,130,145",,173.07,"3,190.07",-52.69 (-1.62%),"732,909",,"3,242.76",309.66,-0.54 (-0.17%),"9,611,705",,310.20,520.14,-5.55 (-1.06%),"880,409",,525.69,"2,742.57",-53.16 (-1.90%),"267,847",,"2,795.73"
0,2022-01-18 10:12:00,40.78,-0.73 (-1.76%),"5,476,918",,41.51,179.49,+1.07 (+0.60%),"2,580,869",,178.42,171.78,-1.29 (-0.75%),"18,235,577",,173.07,"3,191.72",-51.04 (-1.57%),"747,317",,"3,242.76",309.60,-0.60 (-0.19%),"9,691,137",,310.20,519.85,-5.84 (-1.11%),"884,837",,525.69,"2,741.31",-54.42 (-1.95%),"270,125",,"2,795.73"
0,2022-01-18 10:12:28,40.74,-0.76 (-1.84%),"5,536,334",,41.51,179.21,+0.79 (+0.44%),"2,591,622",,178.42,171.91,-1.16 (-0.67%),"18,330,038",,173.07,"3,188.00",-54.76 (-1.69%),"752,157",,"3,242.76",309.48,-0.72 (-0.23%),"9,723,866",,310.20,520.01,-5.68 (-1.08%),"888,568",,525.69,"2,741.31",-54.42 (-1.95%),"271,112",,"2,795.73"
0,2022-01-18 10:12:50,40.77,-0.74 (-1.78%),"5,562,116",,41.51,179.33,+0.91 (+0.51%),"2,596,008",,178.42,171.95,-1.12 (-0.65%),"18,417,760",,173.07,"3,189.00",-53.76 (-1.66%),"757,181",,"3,242.76",309.26,-0.94 (-0.30%),"9,768,285",,310.20,519.67,-6.02 (-1.14%),"890,784",,525.69,"2,741.31",-54.42 (-1.95%),"271,991",,"2,795.73"
0,2022-01-18 10:13:06,40.74,-0.77 (-1.85%),"5,578,410",,41.51,179.09,+0.67 (+0.38%),"2,606,440",,178.42,171.92,-1.15 (-0.66%),"18,466,331",,173.07,"3,187.72",-55.04 (-1.70%),"759,032",,"3,242.76",309.42,-0.78 (-0.25%),"9,786,986",,310.20,519.24,-6.45 (-1.23%),"892,827",,525.69,"2,735.50",-60.23 (-2.15%),"272,938",,"2,795.73"
0,2022-01-18 10:13:22,40.74,-0.77 (-1.85%),"5,634,342",,41.51,179.35,+0.93 (+0.52%),"2,622,051",,178.42,171.83,-1.24 (-0.72%),"18,504,391",,173.07,"3,186.30",-56.46 (-1.74%),"761,993",,"3,242.76",309.60,-0.60 (-0.19%),"9,848,239",,310.20,518.92,-6.77 (-1.29%),"895,592",,525.69,"2,736.70",-59.03 (-2.11%),"273,466",,"2,795.73"
0,2022-01-18 10:13:40,40.71,-0.80 (-1.93%),"5,652,668",,41.51,179.10,+0.68 (+0.38%),"2,628,171",,178.42,171.74,-1.33 (-0.77%),"18,589,451",,173.07,"3,184.19",-58.57 (-1.81%),"766,036",,"3,242.76",309.13,-1.07 (-0.34%),"9,884,607",,310.20,518.84,-6.85 (-1.30%),"899,115",,525.69,"2,735.58",-60.15 (-2.15%),"275,756",,"2,795.73"
0,2022-01-18 10:14:01,40.64,-0.87 (-2.10%),"5,669,858",,41.51,178.89,+0.47 (+0.26%),"2,647,078",,178.42,171.71,-1.36 (-0.79%),"18,672,241",,173.07,"3,181.26",-61.50 (-1.90%),"768,421",,"3,242.76",309.16,-1.04 (-0.34%),"9,970,166",,310.20,518.82,-6.87 (-1.31%),"905,443",,525.69,"2,735.04",-60.69 (-2.17%),"277,816",,"2,795.73"
0,2022-01-18 10:14:28,40.56,-0.95 (-2.29%),"5,700,338",,41.51,178.86,+0.44 (+0.25%),"2,659,593",,178.42,171.92,-1.15 (-0.66%),"18,767,168",,173.07,"3,184.79",-57.97 (-1.79%),"771,019",,"3,242.76",309.10,-1.11 (-0.36%),"9,992,704",,310.20,518.79,-6.90 (-1.31%),"906,851",,525.69,"2,735.04",-60.69 (-2.17%),"278,070",,"2,795.73"
0,2022-01-18 10:14:45,40.54,-0.97 (-2.34%),"5,719,996",,41.51,178.98,+0.56 (+0.31%),"2,668,970",,178.42,171.91,-1.16 (-0.67%),"18,809,246",,173.07,"3,184.14",-58.62 (-1.81%),"774,832",,"3,242.76",308.97,-1.23 (-0.40%),"10,013,863",,310.20,518.53,-7.16 (-1.36%),"910,625",,525.69,"2,735.04",-60.69 (-2.17%),"278,471",,"2,795.73"
0,2022-01-18 10:15:03,40.57,-0.94 (-2.27%),"5,732,588",,41.51,178.81,+0.39 (+0.22%),"2,676,849",,178.42,171.83,-1.24 (-0.72%),"18,895,522",,173.07,"3,180.40",-62.36 (-1.92%),"778,933",,"3,242.76",309.26,-0.94 (-0.30%),"10,143,602",,310.20,518.71,-6.98 (-1.33%),"914,241",,525.69,"2,735.04",-60.69 (-2.17%),"278,893",,"2,795.73"
0,2022-01-18 10:15:20,40.58,-0.93 (-2.24%),"5,753,798",,41.51,178.86,+0.44 (+0.25%),"2,685,019",,178.42,171.88,-1.19 (-0.69%),"18,929,780",,173.07,"3,184.25",-58.51 (-1.80%),"781,534",,"3,242.76",309.35,-0.85 (-0.27%),"10,174,670",,310.20,519.00,-6.69 (-1.27%),"917,332",,525.69,"2,734.16",-61.57 (-2.20%),"279,653",,"2,795.73"
0,2022-01-18 10:15:38,40.59,-0.92 (-2.22%),"5,778,439",,41.51,178.96,+0.54 (+0.30%),"2,692,812",,178.42,171.78,-1.29 (-0.75%),"18,982,199",,173.07,"3,185.30",-57.46 (-1.77%),"783,740",,"3,242.76",309.28,-0.92 (-0.30%),"10,197,695",,310.20,519.79,-5.90 (-1.12%),"921,023",,525.69,"2,736.50",-59.23 (-2.12%),"281,076",,"2,795.73"
0,2022-01-18 10:15:54,40.62,-0.89 (-2.14%),"5,791,949",,41.51,178.95,+0.53 (+0.30%),"2,701,851",,178.42,171.69,-1.38 (-0.80%),"19,082,853",,173.07,"3,182.13",-60.63 (-1.87%),"787,044",,"3,242.76",308.92,-1.28 (-0.41%),"10,243,418",,310.20,519.36,-6.33 (-1.20%),"928,760",,525.69,"2,736.40",-59.33 (-2.12%),"283,010",,"2,795.73"
0,2022-01-18 10:16:11,40.59,-0.92 (-2.22%),"5,809,855",,41.51,178.91,+0.49 (+0.27%),"2,709,325",,178.42,171.65,-1.42 (-0.82%),"19,234,976",,173.07,"3,182.54",-60.22 (-1.86%),"789,275",,"3,242.76",308.99,-1.21 (-0.39%),"10,284,997",,310.20,519.39,-6.30 (-1.20%),"930,185",,525.69,"2,733.34",-62.39 (-2.23%),"284,869",,"2,795.73"
0,2022-01-18 10:16:35,40.72,-0.79 (-1.90%),"5,858,968",,41.51,178.94,+0.52 (+0.29%),"2,714,302",,178.42,171.75,-1.32 (-0.76%),"19,267,265",,173.07,"3,183.04",-59.72 (-1.84%),"792,350",,"3,242.76",309.30,-0.90 (-0.29%),"10,312,575",,310.20,519.01,-6.68 (-1.27%),"933,284",,525.69,"2,733.34",-62.39 (-2.23%),"285,170",,"2,795.73"
0,2022-01-18 10:16:53,40.71,-0.80 (-1.93%),"5,877,819",,41.51,178.99,+0.57 (+0.32%),"2,719,158",,178.42,171.82,-1.25 (-0.72%),"19,315,972",,173.07,"3,183.86",-58.90 (-1.82%),"795,819",,"3,242.76",309.10,-1.11 (-0.36%),"10,344,150",,310.20,519.29,-6.40 (-1.22%),"938,506",,525.69,"2,731.89",-63.84 (-2.28%),"286,003",,"2,795.73"
0,2022-01-18 10:17:11,40.71,-0.80 (-1.94%),"5,897,162",,41.51,179.18,+0.76 (+0.43%),"2,728,409",,178.42,172.02,-1.05 (-0.61%),"19,459,059",,173.07,"3,185.30",-57.46 (-1.77%),"799,924",,"3,242.76",309.21,-0.99 (-0.32%),"10,358,676",,310.20,519.13,-6.56 (-1.25%),"941,165",,525.69,"2,733.97",-61.76 (-2.21%),"287,658",,"2,795.73"
0,2022-01-18 10:17:27,40.73,-0.78 (-1.88%),"5,917,615",,41.51,179.21,+0.79 (+0.44%),"2,744,027",,178.42,171.95,-1.12 (-0.65%),"19,534,112",,173.07,"3,183.80",-58.96 (-1.82%),"804,566",,"3,242.76",309.07,-1.13 (-0.36%),"10,384,894",,310.20,519.19,-6.50 (-1.24%),"943,461",,525.69,"2,733.97",-61.76 (-2.21%),"288,132",,"2,795.73"
0,2022-01-18 10:17:49,40.73,-0.78 (-1.88%),"5,979,114",,41.51,179.19,+0.77 (+0.43%),"2,749,837",,178.42,171.89,-1.18 (-0.68%),"19,581,029",,173.07,"3,183.80",-58.96 (-1.82%),"806,398",,"3,242.76",308.94,-1.26 (-0.41%),"10,407,932",,310.20,518.34,-7.35 (-1.40%),"945,519",,525.69,"2,732.00",-63.73 (-2.28%),"289,343",,"2,795.73"
0,2022-01-18 10:18:07,40.67,-0.84 (-2.04%),"5,999,943",,41.51,179.00,+0.58 (+0.33%),"2,764,337",,178.42,171.78,-1.29 (-0.74%),"19,647,084",,173.07,"3,177.05",-65.71 (-2.03%),"811,932",,"3,242.76",308.86,-1.34 (-0.43%),"10,447,043",,310.20,518.41,-7.28 (-1.38%),"954,241",,525.69,"2,732.50",-63.23 (-2.26%),"290,592",,"2,795.73"
0,2022-01-18 10:18:28,40.69,-0.82 (-1.98%),"6,043,775",,41.51,179.02,+0.60 (+0.34%),"2,769,007",,178.42,171.77,-1.30 (-0.75%),"19,701,036",,173.07,"3,178.85",-63.91 (-1.97%),"815,045",,"3,242.76",308.64,-1.56 (-0.50%),"10,491,540",,310.20,518.56,-7.13 (-1.36%),"958,221",,525.69,"2,733.89",-61.84 (-2.21%),"292,822",,"2,795.73"
0,2022-01-18 10:18:47,40.69,-0.82 (-1.98%),"6,067,366",,41.51,179.03,+0.61 (+0.34%),"2,786,411",,178.42,171.79,-1.28 (-0.74%),"19,750,743",,173.07,"3,178.83",-63.93 (-1.97%),"816,998",,"3,242.76",308.79,-1.41 (-0.45%),"10,518,618",,310.20,519.15,-6.54 (-1.24%),"960,086",,525.69,"2,731.33",-64.40 (-2.30%),"294,179",,"2,795.73"
0,2022-01-18 10:19:05,40.65,-0.86 (-2.07%),"6,109,327",,41.51,178.78,+0.36 (+0.20%),"2,791,296",,178.42,171.86,-1.21 (-0.70%),"19,822,443",,173.07,"3,177.57",-65.19 (-2.01%),"819,257",,"3,242.76",308.86,-1.34 (-0.43%),"10,549,588",,310.20,518.70,-6.99 (-1.33%),"964,190",,525.69,"2,730.90",-64.83 (-2.32%),"295,733",,"2,795.73"
0,2022-01-18 10:19:32,40.63,-0.88 (-2.12%),"6,175,785",,41.51,178.48,+0.06 (+0.03%),"2,818,089",,178.42,171.75,-1.32 (-0.76%),"20,017,459",,173.07,"3,181.28",-61.48 (-1.90%),"826,246",,"3,242.76",308.91,-1.29 (-0.42%),"10,643,602",,310.20,517.68,-8.01 (-1.52%),"957,485",,525.69,"2,732.25",-63.48 (-2.27%),"300,600",,"2,795.73"
0,2022-01-18 10:20:04,40.61,-0.90 (-2.17%),"6,215,407",,41.51,178.46,+0.04 (+0.02%),"2,828,229",,178.42,171.70,-1.37 (-0.79%),"20,083,244",,173.07,"3,181.25",-61.51 (-1.90%),"827,831",,"3,242.76",309.40,-0.80 (-0.26%),"10,723,375",,310.20,517.51,-8.18 (-1.56%),"962,415",,525.69,"2,732.25",-63.48 (-2.27%),"301,102",,"2,795.73"
0,2022-01-18 10:20:23,40.57,-0.94 (-2.26%),"6,237,197",,41.51,178.27,-0.15 (-0.08%),"2,841,980",,178.42,171.76,-1.31 (-0.76%),"20,135,341",,173.07,"3,173.73",-69.03 (-2.13%),"840,382",,"3,242.76",309.11,-1.09 (-0.35%),"10,764,474",,310.20,518.19,-7.50 (-1.43%),"965,901",,525.69,"2,732.25",-63.48 (-2.27%),"301,458",,"2,795.73"
0,2022-01-18 10:20:44,40.54,-0.97 (-2.34%),"6,249,089",,41.51,178.32,-0.10 (-0.06%),"2,853,618",,178.42,171.71,-1.36 (-0.78%),"20,180,907",,173.07,"3,174.00",-68.76 (-2.12%),"841,938",,"3,242.76",309.18,-1.02 (-0.33%),"10,782,477",,310.20,517.76,-7.93 (-1.51%),"966,784",,525.69,"2,733.77",-61.96 (-2.22%),"302,409",,"2,795.73"
0,2022-01-18 10:21:01,40.52,-0.99 (-2.38%),"6,256,291",,41.51,178.10,-0.32 (-0.18%),"2,857,359",,178.42,171.71,-1.36 (-0.79%),"20,227,722",,173.07,"3,173.78",-68.98 (-2.13%),"844,589",,"3,242.76",309.01,-1.19 (-0.38%),"10,804,975",,310.20,517.07,-8.62 (-1.64%),"970,996",,525.69,"2,731.69",-64.04 (-2.29%),"303,903",,"2,795.73"
0,2022-01-18 10:21:21,40.51,-1.00 (-2.41%),"6,306,724",,41.51,178.15,-0.27 (-0.15%),"2,859,329",,178.42,171.71,-1.36 (-0.79%),"20,285,151",,173.07,"3,172.00",-70.76 (-2.18%),"849,869",,"3,242.76",308.63,-1.57 (-0.51%),"10,835,872",,310.20,517.08,-8.61 (-1.64%),"974,620",,525.69,"2,732.61",-63.11 (-2.26%),"304,479",,"2,795.73"
0,2022-01-18 10:21:41,40.52,-0.99 (-2.38%),"6,326,804",,41.51,178.15,-0.27 (-0.15%),"2,868,585",,178.42,171.70,-1.37 (-0.79%),"20,353,635",,173.07,"3,179.95",-62.81 (-1.94%),"860,007",,"3,242.76",308.68,-1.52 (-0.49%),"10,854,897",,310.20,516.80,-8.89 (-1.69%),"976,037",,525.69,,- (-),"305,341",,"2,795.73"
0,2022-01-18 10:21:59,40.53,-0.98 (-2.36%),"6,338,489",,41.51,178.25,-0.17 (-0.10%),"2,870,604",,178.42,171.69,-1.38 (-0.80%),"20,394,145",,173.07,"3,179.01",-63.75 (-1.97%),"862,470",,"3,242.76",308.44,-1.76 (-0.57%),"10,884,420",,310.20,516.53,-9.16 (-1.74%),"977,871",,525.69,"2,731.79",-63.94 (-2.29%),"305,945",,"2,795.73"
0,2022-01-18 10:22:17,40.54,-0.97 (-2.34%),"6,356,063",,41.51,178.27,-0.15 (-0.08%),"2,874,273",,178.42,171.77,-1.30 (-0.75%),"20,441,582",,173.07,"3,180.00",-62.76 (-1.94%),"865,984",,"3,242.76",308.67,-1.53 (-0.49%),"10,909,001",,310.20,516.75,-8.94 (-1.70%),"981,187",,525.69,"2,733.67",-62.06 (-2.22%),"307,016",,"2,795.73"
0,2022-01-18 10:22:39,40.55,-0.96 (-2.31%),"6,384,195",,41.51,178.04,-0.38 (-0.21%),"2,886,074",,178.42,171.82,-1.25 (-0.72%),"20,488,647",,173.07,"3,174.44",-68.32 (-2.11%),"867,998",,"3,242.76",308.59,-1.61 (-0.52%),"10,924,811",,310.20,516.91,-8.78 (-1.67%),"983,079",,525.69,"2,733.67",-62.06 (-2.22%),"307,333",,"2,795.73"
0,2022-01-18 10:22:56,40.56,-0.94 (-2.28%),"6,395,021",,41.51,178.08,-0.34 (-0.19%),"2,895,766",,178.42,171.88,-1.19 (-0.69%),"20,546,476",,173.07,"3,177.43",-65.33 (-2.01%),"869,111",,"3,242.76",308.73,-1.47 (-0.47%),"10,943,870",,310.20,517.15,-8.54 (-1.62%),"984,730",,525.69,"2,732.50",-63.23 (-2.26%),"308,160",,"2,795.73"
0,2022-01-18 10:23:14,40.51,-1.00 (-2.42%),"6,411,012",,41.51,177.94,-0.48 (-0.27%),"2,901,175",,178.42,171.88,-1.19 (-0.69%),"20,589,466",,173.07,"3,178.15",-64.61 (-1.99%),"871,143",,"3,242.76",308.90,-1.30 (-0.42%),"10,970,553",,310.20,517.56,-8.13 (-1.55%),"986,357",,525.69,"2,733.93",-61.80 (-2.21%),"309,028",,"2,795.73"
0,2022-01-18 10:23:38,40.58,-0.93 (-2.25%),"6,442,496",,41.51,178.24,-0.18 (-0.10%),"2,913,663",,178.42,171.79,-1.28 (-0.74%),"20,631,566",,173.07,"3,177.25",-65.51 (-2.02%),"872,364",,"3,242.76",308.97,-1.23 (-0.40%),"10,994,801",,310.20,517.17,-8.52 (-1.62%),"989,690",,525.69,"2,737.45",-58.28 (-2.08%),"310,862",,"2,795.73"
0,2022-01-18 10:24:03,40.57,-0.94 (-2.26%),"6,479,757",,41.51,178.42,0.00 (0.00%),"2,930,618",,178.42,171.95,-1.12 (-0.65%),"20,785,601",,173.07,"3,179.95",-62.81 (-1.94%),"876,761",,"3,242.76",309.42,-0.78 (-0.25%),"11,070,628",,310.20,517.39,-8.30 (-1.58%),"996,826",,525.69,"2,736.85",-58.88 (-2.11%),"312,883",,"2,795.73"
0,2022-01-18 10:24:27,40.46,-1.05 (-2.53%),"6,524,693",,41.51,178.19,-0.23 (-0.13%),"2,938,747",,178.42,172.03,-1.04 (-0.60%),"20,851,149",,173.07,"3,177.50",-65.26 (-2.01%),"878,595",,"3,242.76",309.70,-0.50 (-0.16%),"11,124,236",,310.20,517.65,-8.04 (-1.53%),"998,977",,525.69,"2,737.26",-58.47 (-2.09%),"313,827",,"2,795.73"
0,2022-01-18 10:24:46,40.51,-0.99 (-2.40%),"6,547,718",,41.51,178.44,+0.02 (+0.01%),"2,947,023",,178.42,172.11,-0.96 (-0.55%),"20,946,218",,173.07,"3,178.00",-64.76 (-2.00%),"881,022",,"3,242.76",,- (-),"11,147,306",,310.20,517.41,-8.28 (-1.58%),"999,604",,525.69,"2,737.26",-58.47 (-2.09%),"314,123",,"2,795.73"
0,2022-01-18 10:25:04,40.52,-0.99 (-2.39%),"6,573,771",,41.51,178.41,-0.01 (-0.01%),"2,958,205",,178.42,172.16,-0.91 (-0.53%),"21,025,001",,173.07,"3,178.53",-64.23 (-1.98%),"883,393",,"3,242.76",309.30,-0.90 (-0.29%),"11,189,657",,310.20,517.94,-7.75 (-1.47%),"1,001,402",,525.69,"2,736.58",-59.15 (-2.12%),"314,500",,"2,795.73"
0,2022-01-18 10:25:21,40.55,-0.96 (-2.31%),"6,597,645",,41.51,178.72,+0.30 (+0.17%),"2,964,913",,178.42,172.13,-0.94 (-0.54%),"21,093,583",,173.07,"3,180.93",-61.83 (-1.91%),"886,053",,"3,242.76",309.13,-1.07 (-0.34%),"11,213,620",,310.20,518.29,-7.40 (-1.41%),"1,003,579",,525.69,"2,736.62",-59.11 (-2.11%),"315,535",,"2,795.73"
0,2022-01-18 10:25:39,40.57,-0.94 (-2.26%),"6,611,630",,41.51,178.50,+0.08 (+0.04%),"2,972,849",,178.42,172.12,-0.95 (-0.55%),"21,151,438",,173.07,"3,178.22",-64.54 (-1.99%),"891,508",,"3,242.76",308.83,-1.37 (-0.44%),"11,261,912",,310.20,517.37,-8.32 (-1.58%),"1,009,836",,525.69,"2,735.40",-60.33 (-2.16%),"317,406",,"2,795.73"
0,2022-01-18 10:26:00,40.47,-1.04 (-2.51%),"6,641,114",,41.51,178.34,-0.08 (-0.04%),"2,977,744",,178.42,172.01,-1.06 (-0.61%),"21,312,064",,173.07,"3,179.93",-62.83 (-1.94%),"893,810",,"3,242.76",308.99,-1.21 (-0.39%),"11,300,101",,310.20,517.89,-7.80 (-1.48%),"1,014,504",,525.69,"2,738.54",-57.19 (-2.05%),"319,054",,"2,795.73"
0,2022-01-18 10:26:21,40.43,-1.08 (-2.60%),"6,676,845",,41.51,178.22,-0.20 (-0.11%),"2,986,127",,178.42,172.01,-1.06 (-0.61%),"21,369,792",,173.07,"3,180.27",-62.49 (-1.93%),"896,852",,"3,242.76",309.10,-1.10 (-0.35%),"11,325,388",,310.20,517.91,-7.78 (-1.48%),"1,017,150",,525.69,"2,737.81",-57.92 (-2.07%),"319,728",,"2,795.73"
0,2022-01-18 10:26:39,40.42,-1.08 (-2.61%),"6,690,526",,41.51,178.28,-0.14 (-0.08%),"2,988,452",,178.42,172.03,-1.04 (-0.60%),"21,405,452",,173.07,"3,182.00",-60.76 (-1.87%),"901,271",,"3,242.76",309.05,-1.15 (-0.37%),"11,347,598",,310.20,517.84,-7.85 (-1.49%),"1,025,781",,525.69,"2,737.81",-57.92 (-2.07%),"320,005",,"2,795.73"
0,2022-01-18 10:26:56,40.49,-1.01 (-2.45%),"6,714,463",,41.51,178.34,-0.08 (-0.04%),"2,992,942",,178.42,172.05,-1.02 (-0.59%),"21,442,511",,173.07,"3,181.18",-61.58 (-1.90%),"901,844",,"3,242.76",308.95,-1.25 (-0.40%),"11,363,653",,310.20,517.45,-8.24 (-1.57%),"1,029,138",,525.69,"2,737.81",-57.92 (-2.07%),"320,334",,"2,795.73"
0,2022-01-18 10:27:14,40.49,-1.02 (-2.46%),"6,738,750",,41.51,178.26,-0.16 (-0.09%),"2,996,652",,178.42,172.04,-1.04 (-0.60%),"21,480,765",,173.07,"3,180.06",-62.70 (-1.93%),"902,625",,"3,242.76",309.20,-1.00 (-0.32%),"11,386,277",,310.20,517.61,-8.08 (-1.54%),"1,031,791",,525.69,"2,739.48",-56.25 (-2.01%),"321,390",,"2,795.73"
0,2022-01-18 10:27:34,40.51,-1.00 (-2.42%),"6,754,796",,41.51,178.22,-0.20 (-0.11%),"2,999,487",,178.42,172.04,-1.03 (-0.60%),"21,523,232",,173.07,"3,179.29",-63.47 (-1.96%),"903,605",,"3,242.76",309.06,-1.14 (-0.37%),"11,409,689",,310.20,517.42,-8.27 (-1.57%),"1,033,576",,525.69,"2,739.48",-56.25 (-2.01%),"321,674",,"2,795.73"
